,overpass_id,overpass_datetime,zero_release,non_zero_release,operator_kept,stanford_kept,phase_iii,pass_all_qc,fail_all_qc,operator_detected,release_rate_kgh,operator_quantification,operator_lower,operator_upper,qc_summary
0,1.0,2022-10-24 16:46:15,True,False,True,True,0,True,False,False,0.0,0.0,,,pass_all
1,2.0,2022-10-24 16:49:22,True,False,True,True,0,True,False,False,0.0,0.0,,,pass_all
2,3.0,2022-10-24 16:52:32,False,True,False,True,1,False,False,False,17.84613948,,,,fail_operator
3,4.0,2022-10-24 16:55:42,False,True,True,True,1,True,False,True,17.81225535,16.97014334,,,pass_all
4,5.0,2022-10-24 16:59:01,False,True,True,True,1,True,False,True,17.83283458,25.53496885,,,pass_all
5,6.0,2022-10-24 17:02:04,False,True,True,True,0,True,False,True,107.8631535,133.5168991,,,pass_all
6,7.0,2022-10-24 17:05:20,False,True,True,True,0,True,False,True,107.7383613,423.487591,,,pass_all
7,8.0,2022-10-24 17:08:21,False,True,True,True,0,True,False,True,107.4374594,118.6325906,,,pass_all
8,9.0,2022-10-24 17:11:37,False,True,True,True,1,True,False,False,1.631503045,0.0,,,pass_all
9,10.0,2022-10-24 17:14:38,False,True,True,True,1,True,False,False,1.575648581,0.0,,,pass_all
10,11.0,2022-10-24 17:17:53,False,True,True,True,1,True,False,False,1.533378077,0.0,,,pass_all
11,12.0,2022-10-24 17:20:59,False,True,True,True,1,True,False,True,12.29183884,14.12896139,,,pass_all
12,13.0,2022-10-24 17:24:12,False,True,True,True,1,True,False,True,12.30932439,14.59501569,,,pass_all
13,14.0,2022-10-24 17:27:11,False,True,True,True,1,True,False,False,3.296867226,0.0,,,pass_all
14,15.0,2022-10-24 17:30:27,False,True,False,True,1,False,False,False,3.238535729,,,,fail_operator
15,16.0,2022-10-24 17:33:38,False,True,True,True,1,True,False,False,3.23067089,0.0,,,pass_all
16,17.0,2022-10-24 17:36:52,False,True,True,True,1,True,False,False,3.225980206,0.0,,,pass_all
17,18.0,2022-10-24 17:40:00,False,True,True,True,1,True,False,True,28.25064697,31.35074363,,,pass_all
18,19.0,2022-10-24 17:43:18,False,True,True,True,1,True,False,True,28.27962929,38.99989264,,,pass_all
19,20.0,2022-10-24 17:46:20,False,True,True,True,1,True,False,True,28.27273123,32.97861272,,,pass_all
20,21.0,2022-10-24 17:49:37,False,True,True,True,1,True,False,True,186.779311,196.2253011,,,pass_all
21,22.0,2022-10-24 17:52:40,False,True,True,True,1,True,False,True,187.2966658,153.1467956,,,pass_all
22,23.0,2022-10-24 17:57:58,False,True,True,True,1,True,False,True,188.4627523,128.3873929,,,pass_all
23,24.0,2022-10-24 18:01:11,False,True,True,False,0,False,False,True,59.76096387,75.05501099,,,fail_stanford
24,25.0,2022-10-24 18:04:31,False,True,True,True,1,True,False,True,59.06227355,46.69750824,,,pass_all
25,26.0,2022-10-24 18:07:34,False,True,True,False,0,False,False,True,116.0326568,98.39879905,,,fail_stanford
26,27.0,2022-10-24 18:10:50,True,False,True,False,0,False,False,False,0.0,0.0,,,fail_stanford
27,28.0,2022-10-24 18:13:53,False,True,False,True,0,False,False,False,706.6959372,,,,fail_operator
28,29.0,2022-10-24 18:17:18,False,True,False,True,0,False,False,False,714.7845573,,,,fail_operator
29,30.0,2022-10-24 18:20:25,False,True,False,True,0,False,False,False,716.2662111,,,,fail_operator
30,31.0,2022-10-24 18:23:39,False,True,False,True,0,False,False,False,712.0512732,,,,fail_operator
31,32.0,2022-10-24 18:26:41,False,True,True,False,0,False,False,True,436.7800874,417.3888434,,,fail_stanford
32,33.0,2022-10-24 18:29:53,False,True,True,True,0,True,False,True,432.1277809,461.9373923,,,pass_all
33,34.0,2022-10-24 18:33:04,False,True,False,True,0,False,False,False,431.0176205,,,,fail_operator
34,35.0,2022-10-24 18:39:06,False,True,True,True,0,True,False,True,161.27769,154.2055848,,,pass_all
35,36.0,2022-10-24 18:42:15,False,True,True,True,0,True,False,True,160.3907496,163.3665775,,,pass_all
36,37.0,2022-10-24 18:45:33,False,True,True,True,0,True,False,True,159.7608308,186.3057282,,,pass_all
37,38.0,2022-10-24 18:48:36,False,True,True,True,0,True,False,True,42.24333159,30.49826625,,,pass_all
38,39.0,2022-10-24 18:51:56,False,True,True,True,0,True,False,True,41.83976452,37.35187928,,,pass_all
39,40.0,2022-10-24 18:55:00,False,True,False,True,0,False,False,False,41.45844386,,,,fail_operator
40,41.0,2022-10-24 18:58:14,False,True,True,True,1,True,False,True,8.725007707,6.825822811,,,pass_all
41,42.0,2022-10-24 19:01:19,False,True,True,True,1,True,False,False,8.665007208,0.0,,,pass_all
42,43.0,2022-10-24 19:04:27,False,True,True,True,1,True,False,True,8.623646173,11.62196471,,,pass_all
43,44.0,2022-10-24 19:07:37,False,True,True,True,0,True,False,False,4.107388342,0.0,,,pass_all
44,45.0,2022-10-24 19:11:01,False,True,True,True,0,True,False,False,4.047485037,0.0,,,pass_all
45,46.0,2022-10-24 19:14:06,False,True,True,False,0,False,False,True,17.90245978,16.36162302,,,fail_stanford
46,47.0,2022-10-24 19:17:24,False,True,True,True,1,True,False,True,17.89883124,12.69315629,,,pass_all
47,48.0,2022-10-24 19:20:29,False,True,True,True,1,True,False,True,17.83948949,45.29614938,,,pass_all
48,49.0,2022-10-24 19:23:45,False,True,True,True,1,True,False,True,17.796109,12.24479374,,,pass_all
49,50.0,2022-10-24 19:26:51,False,True,True,True,1,True,False,True,17.74250164,8.459139635,,,pass_all
50,51.0,2022-10-24 19:30:05,False,True,True,True,1,True,False,True,26.32781057,22.18954218,,,pass_all
51,52.0,2022-10-24 19:33:07,False,True,True,True,1,True,False,True,26.40110491,18.78803893,,,pass_all
52,53.0,2022-10-24 19:36:19,False,True,True,True,1,True,False,True,31.39735593,25.2857011,,,pass_all
53,54.0,2022-10-24 19:39:22,False,True,True,True,0,True,False,False,5.327171697,0.0,,,pass_all
54,55.0,2022-10-24 19:42:33,False,True,True,True,0,True,False,True,5.264590183,7.987483784,,,pass_all
55,56.0,2022-10-24 19:45:36,False,True,True,False,0,False,False,False,1.571756041,0.0,,,fail_stanford
56,57.0,2022-10-24 19:48:45,False,True,True,True,1,True,False,False,1.559700865,0.0,,,pass_all
57,58.0,2022-10-25 16:35:28,False,True,True,True,1,True,False,True,13.91607676,11.3408702,,,pass_all
58,59.0,2022-10-25 16:38:32,False,True,True,True,1,True,False,True,13.89269644,20.37145862,,,pass_all
59,60.0,2022-10-25 16:41:46,False,True,True,True,1,True,False,True,13.90705941,16.03721857,,,pass_all
60,61.0,2022-10-25 16:44:55,False,True,False,True,1,False,False,False,13.85352764,,,,fail_operator
61,62.0,2022-10-25 16:48:07,False,True,False,True,1,False,False,False,13.80547109,,,,fail_operator
62,63.0,2022-10-25 16:51:13,False,True,True,False,0,False,False,True,3.643259216,2.554700911,,,fail_stanford
63,64.0,2022-10-25 16:54:29,False,True,True,False,0,False,False,True,3.575234892,2.420173147,,,fail_stanford
64,65.0,2022-10-25 16:57:35,True,False,True,False,0,False,False,True,0.0,2.444476681,,,fail_stanford
65,66.0,2022-10-25 17:00:52,True,False,True,False,0,False,False,False,0.0,0.0,,,fail_stanford
66,67.0,2022-10-25 17:04:01,False,True,True,False,0,False,False,True,11.35778336,8.924652008,,,fail_stanford
67,68.0,2022-10-25 17:07:17,False,True,True,False,0,False,False,True,11.34736211,8.344653242,,,fail_stanford
68,69.0,2022-10-25 17:10:32,False,True,False,False,0,False,True,False,199.9207757,,,,fail_all
69,70.0,2022-10-25 17:13:52,False,True,False,True,0,False,False,False,201.3166837,,,,fail_operator
70,71.0,2022-10-25 17:17:00,False,True,False,True,0,False,False,False,202.832679,,,,fail_operator
71,72.0,2022-10-25 17:20:13,False,True,True,False,0,False,False,True,22.91759864,15.7379678,,,fail_stanford
72,73.0,2022-10-25 17:23:22,False,True,True,False,0,False,False,True,22.84912075,17.92154071,,,fail_stanford
73,74.0,2022-10-25 17:26:36,False,True,True,False,0,False,False,True,96.03773108,135.4928436,,,fail_stanford
74,75.0,2022-10-25 17:29:48,False,True,True,True,1,True,False,True,95.68848412,117.8567049,,,pass_all
75,76.0,2022-10-25 17:32:57,False,True,True,True,1,True,False,True,95.2703381,105.7998817,,,pass_all
76,77.0,2022-10-25 17:36:05,False,True,False,True,1,False,False,False,95.19485151,,,,fail_operator
77,78.0,2022-10-25 17:39:21,False,True,False,False,0,False,True,False,48.87794395,,,,fail_all
78,79.0,2022-10-25 17:42:27,False,True,False,False,0,False,True,False,48.94381923,,,,fail_all
79,80.0,2022-10-25 17:45:44,False,True,False,False,0,False,True,False,947.9279633,,,,fail_all
80,81.0,2022-10-25 17:48:49,False,True,False,False,0,False,True,False,973.4108964,,,,fail_all
81,82.0,2022-10-25 17:52:10,False,True,False,True,1,False,False,False,967.3363319,,,,fail_operator
82,83.0,2022-10-25 17:55:19,False,True,False,True,1,False,False,False,968.6192799,,,,fail_operator
83,84.0,2022-10-25 17:58:33,False,True,False,True,1,False,False,False,971.5793477,,,,fail_operator
84,85.0,2022-10-25 18:01:39,False,True,False,True,1,False,False,False,956.5889424,,,,fail_operator
85,86.0,2022-10-25 18:04:55,False,True,False,True,1,False,False,False,967.0177548,,,,fail_operator
86,87.0,2022-10-25 18:08:05,False,True,False,True,1,False,False,False,963.8924588,,,,fail_operator
87,88.0,2022-10-25 18:11:22,False,True,False,False,0,False,True,False,78.27326237,,,,fail_all
88,89.0,2022-10-25 18:14:26,False,True,False,False,0,False,True,False,23.60523935,,,,fail_all
89,90.0,2022-10-25 18:17:40,False,True,True,False,0,False,False,True,23.09409039,19.02258544,,,fail_stanford
90,91.0,2022-10-25 18:20:42,True,False,False,False,0,False,True,False,0.0,,,,fail_all
91,92.0,2022-10-25 18:24:00,True,False,True,False,0,False,False,False,0.0,0.0,,,fail_stanford
92,93.0,2022-10-25 18:27:08,True,False,True,False,0,False,False,False,0.0,0.0,,,fail_stanford
93,94.0,2022-10-25 18:30:19,True,False,True,True,0,True,False,False,0.0,0.0,,,pass_all
94,95.0,2022-10-25 18:33:33,False,True,True,False,0,False,False,True,25.12649389,23.08757392,,,fail_stanford
95,96.0,2022-10-25 18:36:54,False,True,False,False,0,False,True,False,434.6807179,,,,fail_all
96,97.0,2022-10-25 18:40:05,False,True,False,False,0,False,True,False,447.3654885,,,,fail_all
97,98.0,2022-10-25 18:43:26,False,True,False,True,1,False,False,False,454.9130674,,,,fail_operator
98,99.0,2022-10-25 18:46:39,False,True,False,True,1,False,False,False,458.5113694,,,,fail_operator
99,100.0,2022-10-25 18:49:55,False,True,True,True,1,True,False,True,457.2370608,566.007257,,,pass_all
100,101.0,2022-10-25 18:53:04,False,True,False,False,0,False,True,False,1.563915803,,,,fail_all
101,102.0,2022-10-25 18:56:23,False,True,True,False,0,False,False,False,1.59520332,0.0,,,fail_stanford
102,103.0,2022-10-25 18:59:32,False,True,True,False,0,False,False,True,24.30815016,29.72624163,,,fail_stanford
103,104.0,2022-10-25 19:02:47,False,True,True,True,1,True,False,True,24.1973609,30.93758078,,,pass_all
104,105.0,2022-10-25 19:05:57,False,True,True,True,1,True,False,True,23.93817948,18.86347413,,,pass_all
105,106.0,2022-10-25 19:09:08,False,True,True,True,1,True,False,True,23.83237946,22.63270433,,,pass_all
106,107.0,2022-10-25 19:12:19,False,True,True,False,0,False,False,True,139.1473766,122.8624771,,,fail_stanford
107,108.0,2022-10-25 19:15:38,False,True,True,False,0,False,False,True,139.2208113,59.09243337,,,fail_stanford
108,109.0,2022-10-25 19:18:48,False,True,False,False,0,False,True,False,604.9564308,,,,fail_all
109,110.0,2022-10-25 19:22:08,False,True,True,True,1,True,False,True,616.9532908,817.2654796,,,pass_all
110,111.0,2022-10-25 19:25:20,False,True,True,True,1,True,False,True,621.6563536,776.65083,,,pass_all
111,112.0,2022-10-25 19:28:44,False,True,True,True,1,True,False,True,622.0267671,779.5002012,,,pass_all
112,113.0,2022-10-25 19:31:54,False,True,False,False,0,False,True,False,70.69464792,,,,fail_all
113,114.0,2022-10-25 19:35:15,False,True,False,False,0,False,True,False,70.14161957,,,,fail_all
114,115.0,2022-10-25 19:38:29,False,True,False,False,0,False,True,False,5.954563519,,,,fail_all
115,116.0,2022-10-25 19:41:50,False,True,False,False,0,False,True,False,329.517317,,,,fail_all
116,117.0,2022-10-25 19:45:00,False,True,False,True,1,False,False,False,333.1879738,,,,fail_operator
117,118.0,2022-10-25 19:48:12,False,True,False,True,1,False,False,False,338.3537835,,,,fail_operator
118,119.0,2022-10-25 19:51:25,False,True,True,False,0,False,False,True,8.367488537,5.904491433,,,fail_stanford
119,120.0,2022-10-25 19:54:38,False,True,True,True,1,True,False,True,8.341376009,5.177284035,,,pass_all
120,121.0,2022-10-25 19:57:45,False,True,True,True,1,True,False,True,8.296980392,7.333878228,,,pass_all
121,122.0,2022-10-25 20:01:02,False,True,True,True,1,True,False,True,139.4489989,166.9145978,,,pass_all
122,123.0,2022-10-25 20:04:13,False,True,True,True,1,True,False,True,139.155692,109.3338785,,,pass_all
123,124.0,2022-10-25 20:07:27,False,True,False,True,1,False,False,False,139.2033166,,,,fail_operator
124,125.0,2022-10-25 20:10:31,False,True,False,True,1,False,False,False,139.0257773,,,,fail_operator
125,126.0,2022-10-25 20:13:50,True,False,False,False,0,False,True,False,0.0,,,,fail_all
126,127.0,2022-10-25 20:16:56,True,False,True,False,0,False,False,False,0.0,0.0,,,fail_stanford
127,128.0,2022-10-25 20:20:10,False,True,True,False,0,False,False,True,3.180948679,3.360907528,,,fail_stanford
128,129.0,2022-10-25 20:23:22,False,True,True,False,0,False,False,True,73.55935855,60.25913716,,,fail_stanford
129,130.0,2022-10-25 20:26:35,False,True,False,True,1,False,False,False,73.37112804,,,,fail_operator
130,131.0,2022-10-25 20:29:41,False,True,False,True,1,False,False,False,73.03473216,,,,fail_operator
131,132.0,2022-10-25 20:33:02,False,True,False,True,1,False,False,False,72.98311186,,,,fail_operator
132,133.0,2022-10-26 16:39:47,True,False,True,True,0,True,False,False,0.0,0.0,,,pass_all
133,134.0,2022-10-26 16:42:57,True,False,True,True,0,True,False,False,0.0,0.0,,,pass_all
134,135.0,2022-10-26 16:46:11,False,True,True,False,0,False,False,False,1.145169343,0.0,,,fail_stanford
135,136.0,2022-10-26 16:49:19,False,True,True,True,1,True,False,False,1.096029626,0.0,,,pass_all
136,137.0,2022-10-26 16:52:32,False,True,True,True,1,True,False,False,1.070792915,0.0,,,pass_all
137,138.0,2022-10-26 16:55:40,False,True,True,False,0,False,False,True,6.743954528,6.014253891,,,fail_stanford
138,139.0,2022-10-26 16:58:46,False,True,True,False,0,False,False,True,6.722842041,7.649741866,,,fail_stanford
139,140.0,2022-10-26 17:11:57,True,False,True,True,0,True,False,False,0.0,0.0,,,pass_all
140,141.0,2022-10-26 17:15:07,False,True,True,False,0,False,False,True,4.018359525,4.037223485,,,fail_stanford
141,142.0,2022-10-26 17:18:19,False,True,True,False,0,False,False,False,1.971145969,0.0,,,fail_stanford
142,143.0,2022-10-26 17:21:30,False,True,True,False,0,False,False,True,1.960590806,3.916730076,,,fail_stanford
143,144.0,2022-10-26 17:24:44,False,True,True,False,0,False,False,False,1.563226813,0.0,,,fail_stanford
144,145.0,2022-10-26 17:27:48,False,True,True,False,0,False,False,False,3.800215164,0.0,,,fail_stanford
145,146.0,2022-10-26 17:30:56,False,True,True,False,0,False,False,True,58.3542646,59.72823241,,,fail_stanford
146,147.0,2022-10-26 17:34:04,False,True,True,True,0,True,False,True,58.42931922,57.79354431,,,pass_all
147,148.0,2022-10-26 17:37:15,False,True,True,True,0,True,False,True,58.32478271,155.8791285,,,pass_all
148,149.0,2022-10-26 17:40:28,False,True,True,True,0,True,False,True,58.06160558,66.88049638,,,pass_all
149,150.0,2022-10-26 17:43:43,False,True,True,False,0,False,False,True,86.62696174,78.41035113,,,fail_stanford
150,151.0,2022-10-26 17:46:51,False,True,True,True,0,True,False,True,86.43646339,64.95810847,,,pass_all
151,152.0,2022-10-26 17:50:02,False,True,True,True,0,True,False,True,86.31194832,92.64239333,,,pass_all
152,153.0,2022-10-26 17:53:09,False,True,True,True,0,True,False,True,72.17381788,107.8777147,,,pass_all
153,154.0,2022-10-26 17:56:19,False,True,True,True,0,True,False,True,72.34098989,63.71622219,,,pass_all
154,155.0,2022-10-26 17:59:29,False,True,True,True,0,True,False,True,72.30265264,75.34083323,,,pass_all
155,156.0,2022-10-26 18:02:42,False,True,True,False,0,False,False,True,994.2739208,967.0977489,,,fail_stanford
156,157.0,2022-10-26 18:05:48,False,True,False,True,0,False,False,False,1027.220199,,,,fail_operator
157,158.0,2022-10-26 18:08:58,False,True,False,True,0,False,False,False,1022.196399,,,,fail_operator
158,159.0,2022-10-26 18:12:04,False,True,False,True,0,False,False,False,1030.932973,,,,fail_operator
159,160.0,2022-10-26 18:15:16,False,True,True,True,0,True,False,True,1020.378889,1191.672538,,,pass_all
160,161.0,2022-10-26 18:18:27,False,True,False,True,0,False,False,False,1022.333549,,,,fail_operator
161,162.0,2022-10-26 18:21:39,False,True,True,True,0,True,False,True,1005.268613,1079.092911,,,pass_all
162,163.0,2022-10-26 18:24:48,False,True,True,True,0,True,False,True,994.4823458,2183.988605,,,pass_all
163,164.0,2022-10-26 18:28:02,False,True,True,True,0,True,False,True,1001.347414,1535.465077,,,pass_all
164,165.0,2022-10-26 18:31:09,False,True,False,True,0,False,False,False,981.3450876,,,,fail_operator
165,166.0,2022-10-26 18:34:18,True,False,False,False,0,False,True,False,0.0,,,,fail_all
166,167.0,2022-10-26 18:37:29,True,False,True,False,0,False,False,False,0.0,0.0,,,fail_stanford
167,168.0,2022-10-26 18:40:38,True,False,True,False,0,False,False,False,0.0,0.0,,,fail_stanford
168,169.0,2022-10-26 18:43:47,True,False,True,True,0,True,False,False,0.0,0.0,,,pass_all
169,170.0,2022-10-26 18:46:59,True,False,True,True,0,True,False,False,0.0,0.0,,,pass_all
170,171.0,2022-10-26 18:50:03,False,True,True,True,1,True,False,False,0.927267424,0.0,,,pass_all
171,172.0,2022-10-26 18:53:16,False,True,True,True,1,True,False,False,0.880265414,0.0,,,pass_all
172,173.0,2022-10-26 18:56:27,False,True,True,True,1,True,False,False,0.853283008,0.0,,,pass_all
173,174.0,2022-10-26 18:59:36,False,True,True,True,1,True,False,False,0.826665077,0.0,,,pass_all
174,175.0,2022-10-26 19:02:45,False,True,True,True,1,True,False,False,0.8076417,0.0,,,pass_all
175,176.0,2022-10-26 19:05:52,False,True,True,False,0,False,False,True,4.111772828,5.312466529,,,fail_stanford
176,177.0,2022-10-26 19:09:02,False,True,True,True,1,True,False,True,4.147388675,6.724110281,,,pass_all
177,178.0,2022-10-26 19:12:11,False,True,True,True,1,True,False,True,4.129137983,3.419416085,,,pass_all
178,179.0,2022-10-26 19:15:23,False,True,True,True,1,True,False,True,4.11718324,2.829097843,,,pass_all
179,180.0,2022-10-26 19:18:36,False,True,True,False,0,False,False,False,3.290459308,0.0,,,fail_stanford
180,181.0,2022-10-26 19:21:47,False,True,True,False,0,False,False,True,3.273628714,4.859704964,,,fail_stanford
181,182.0,2022-10-26 19:25:03,False,True,True,False,0,False,False,False,0.673408404,0.0,,,fail_stanford
182,183.0,2022-10-26 19:28:08,False,True,True,True,0,True,False,False,0.66788028,0.0,,,pass_all
183,184.0,2022-10-26 19:31:15,False,True,True,True,0,True,False,False,0.666725843,0.0,,,pass_all
184,185.0,2022-10-26 19:34:27,False,True,True,True,0,True,False,False,0.652596136,0.0,,,pass_all
185,186.0,2022-10-26 19:37:39,False,True,True,True,0,True,False,False,0.645058276,0.0,,,pass_all
186,187.0,2022-10-26 19:40:57,False,True,True,False,0,False,False,True,1.637114036,3.967120963,,,fail_stanford
187,188.0,2022-10-26 19:44:08,False,True,True,False,0,False,False,False,1.642852744,0.0,,,fail_stanford
188,189.0,2022-10-26 19:47:23,False,True,True,True,0,True,False,False,1.624602053,0.0,,,pass_all
189,190.0,2022-10-26 19:50:33,False,True,True,False,0,False,False,True,76.95733495,81.21296517,,,fail_stanford
190,191.0,2022-10-26 19:53:44,False,True,True,False,0,False,False,True,77.13832997,81.3554752,,,fail_stanford
191,192.0,2022-10-26 19:56:54,False,True,False,False,0,False,True,False,77.05873968,,,,fail_all
192,193.0,2022-10-26 20:00:05,False,True,False,False,0,False,True,False,45.69983979,,,,fail_all
193,194.0,2022-10-26 20:03:11,False,True,True,True,1,True,False,True,45.6843969,46.95319834,,,pass_all
194,195.0,2022-10-26 20:06:18,False,True,True,True,1,True,False,True,45.71128697,37.93987879,,,pass_all
195,196.0,2022-10-26 20:09:25,False,True,False,False,0,False,True,False,69.57412025,,,,fail_all
196,197.0,2022-10-26 20:12:35,False,True,True,False,0,False,False,True,11.99261585,11.96511349,,,fail_stanford
197,198.0,2022-10-26 20:15:42,False,True,True,True,1,True,False,True,11.91724806,8.762615889,,,pass_all
198,199.0,2022-10-26 20:18:51,False,True,True,True,1,True,False,True,11.86199922,8.433016162,,,pass_all
199,200.0,2022-10-26 20:22:00,False,True,True,True,1,True,False,True,11.8398716,8.781718735,,,pass_all
200,201.0,2022-10-26 20:25:08,False,True,True,False,0,False,False,True,8.108587898,11.13650803,,,fail_stanford
201,202.0,2022-10-26 20:28:19,False,True,True,False,0,False,False,True,6.237492436,8.477368859,,,fail_stanford
202,203.0,2022-10-26 20:31:31,False,True,True,False,0,False,False,True,6.206336669,8.211115757,,,fail_stanford
203,204.0,2022-10-26 20:34:42,False,True,True,False,0,False,False,True,6.949938961,6.855540075,,,fail_stanford
204,205.0,2022-10-26 20:37:47,False,True,True,False,0,False,False,True,2.77040747,1.309914404,,,fail_stanford
205,206.0,2022-10-26 20:40:55,False,True,True,False,0,False,False,False,2.742704216,0.0,,,fail_stanford
206,207.0,2022-10-27 16:37:24,True,False,True,True,1,True,False,False,0.0,0.0,,,pass_all
207,208.0,2022-10-27 16:40:46,False,True,True,False,0,False,False,True,4.272206127,2.406372678,,,fail_stanford
208,209.0,2022-10-27 16:43:54,False,True,False,False,0,False,True,False,6.663813473,,,,fail_all
209,210.0,2022-10-27 16:47:11,False,True,True,False,0,False,False,True,6.577808439,9.084138202,,,fail_stanford
210,211.0,2022-10-27 16:50:18,False,True,False,False,0,False,True,False,6.874538766,,,,fail_all
211,212.0,2022-10-27 16:53:38,False,True,True,True,0,True,False,True,6.842324676,5.683745664,,,pass_all
212,213.0,2022-10-27 16:56:41,False,True,True,False,0,False,False,False,3.262306806,0.0,,,fail_stanford
213,214.0,2022-10-27 17:00:01,False,True,True,False,0,False,False,False,0.72437643,0.0,,,fail_stanford
214,215.0,2022-10-27 17:03:09,False,True,True,False,0,False,False,False,2.213973041,0.0,,,fail_stanford
215,216.0,2022-10-27 17:06:28,False,True,True,True,1,True,False,False,2.21105509,0.0,,,pass_all
216,217.0,2022-10-27 17:09:35,False,True,True,True,1,True,False,False,2.185868056,0.0,,,pass_all
217,218.0,2022-10-27 17:12:53,False,True,True,True,0,True,False,True,31.24406092,25.87623918,,,pass_all
218,219.0,2022-10-27 17:15:57,False,True,True,True,0,True,False,True,31.39134076,48.23225702,,,pass_all
219,220.0,2022-10-27 17:19:13,True,False,True,False,0,False,False,False,0.0,0.0,,,fail_stanford
220,221.0,2022-10-27 17:22:21,False,True,True,True,0,True,False,True,7.768153103,7.58009712,,,pass_all
221,222.0,2022-10-27 17:25:47,False,True,True,True,0,True,False,True,7.712623484,6.028548303,,,pass_all
222,223.0,2022-10-27 17:28:58,False,True,True,True,0,True,False,True,7.700668741,9.894573452,,,pass_all
223,224.0,2022-10-27 17:32:16,False,True,True,True,0,True,False,False,4.346472403,0.0,,,pass_all
224,225.0,2022-10-27 17:35:24,False,True,True,True,0,True,False,True,4.337066277,6.78834693,,,pass_all
225,226.0,2022-10-27 17:38:48,False,True,True,True,0,True,False,False,4.332616996,0.0,,,pass_all
226,227.0,2022-10-27 17:41:52,False,True,True,True,0,True,False,False,4.327994927,0.0,,,pass_all
227,228.0,2022-10-27 17:45:13,False,True,True,True,0,True,False,True,23.03911153,24.38861676,,,pass_all
228,229.0,2022-10-27 17:48:22,False,True,True,True,0,True,False,True,23.05483521,17.73063896,,,pass_all
229,230.0,2022-10-27 17:51:41,False,True,True,True,0,True,False,True,23.09059144,24.35118308,,,pass_all
230,231.0,2022-10-27 17:54:46,False,True,True,True,1,True,False,False,1.357773702,0.0,,,pass_all
231,232.0,2022-10-27 17:58:03,False,True,True,True,1,True,False,False,5.786527565,0.0,,,pass_all
232,233.0,2022-10-27 18:01:09,False,True,True,True,1,True,False,False,5.780911968,0.0,,,pass_all
233,234.0,2022-10-27 18:04:29,False,True,True,True,1,True,False,False,5.767510129,0.0,,,pass_all
234,235.0,2022-10-27 18:07:44,False,True,True,True,1,True,False,True,510.6478718,509.4787758,,,pass_all
235,236.0,2022-10-27 18:11:05,False,True,True,True,1,True,False,True,523.5183891,568.0253303,,,pass_all
236,237.0,2022-10-27 18:14:15,False,True,True,True,1,True,False,True,526.01625,515.5602227,,,pass_all
237,238.0,2022-10-27 18:17:51,False,True,True,True,1,True,False,True,526.1544801,619.0184739,,,pass_all
238,239.0,2022-10-27 18:20:58,False,True,True,True,1,True,False,True,528.3380836,481.994171,,,pass_all
239,240.0,2022-10-27 18:24:26,False,True,True,True,1,True,False,True,524.8488537,605.1380041,,,pass_all
240,241.0,2022-10-27 18:27:36,False,True,True,True,1,True,False,True,523.743013,472.9107359,,,pass_all
241,242.0,2022-10-27 18:31:02,True,False,True,False,0,False,False,False,0.0,0.0,,,fail_stanford
242,243.0,2022-10-27 18:34:10,True,False,True,True,0,True,False,False,0.0,0.0,,,pass_all
243,244.0,2022-10-27 18:37:32,False,True,True,True,0,True,False,False,2.686461848,0.0,,,pass_all
244,245.0,2022-10-27 18:40:34,False,True,True,True,0,True,False,False,2.549751209,0.0,,,pass_all
245,246.0,2022-10-27 18:43:55,False,True,True,True,0,True,False,True,11.38752443,8.26719974,,,pass_all
246,247.0,2022-10-27 18:47:05,False,True,True,True,0,True,False,True,11.29654095,7.801108864,,,pass_all
247,248.0,2022-10-27 18:50:27,False,True,True,True,0,True,False,True,11.38545098,7.397082331,,,pass_all
248,249.0,2022-10-27 18:53:33,False,True,False,True,1,False,False,False,6.478207179,,,,fail_operator
249,250.0,2022-10-27 18:56:59,False,True,True,True,0,True,False,True,13.96793464,5.909153671,,,pass_all
250,251.0,2022-10-27 19:00:06,False,True,True,True,0,True,False,True,13.9434744,22.80576956,,,pass_all
251,252.0,2022-10-27 19:03:30,False,True,True,True,1,True,False,True,21.76907938,15.52236364,,,pass_all
252,253.0,2022-10-27 19:06:40,False,True,True,True,1,True,False,True,15.64309975,11.61646721,,,pass_all
253,254.0,2022-10-27 19:10:01,False,True,False,True,1,False,False,False,15.61330469,,,,fail_operator
254,255.0,2022-10-27 19:13:12,False,True,True,True,0,True,False,False,2.159123773,0.0,,,pass_all
255,256.0,2022-10-27 19:16:40,False,True,True,True,0,True,False,False,2.141640906,0.0,,,pass_all
256,257.0,2022-10-27 19:19:47,False,True,True,True,1,True,False,True,10.27511778,7.794368065,,,pass_all
257,258.0,2022-10-27 19:23:16,False,True,True,True,1,True,False,True,10.26289306,7.453667177,,,pass_all
258,259.0,2022-10-27 19:26:22,False,True,True,True,1,True,False,True,10.24193176,10.59053603,,,pass_all
259,260.0,2022-10-27 19:29:32,False,True,False,True,1,False,False,False,10.23370275,,,,fail_operator
260,261.0,2022-10-27 19:32:37,False,True,True,True,1,True,False,False,10.24236373,0.0,,,pass_all
261,262.0,2022-10-27 19:35:58,False,True,True,True,0,True,False,False,0.907340153,0.0,,,pass_all
262,263.0,2022-10-27 19:39:05,False,True,True,True,0,True,False,False,0.903042061,0.0,,,pass_all
263,264.0,2022-10-27 19:42:36,False,True,True,True,0,True,False,False,0.902909231,0.0,,,pass_all
264,265.0,2022-10-27 19:45:42,False,True,True,True,0,True,False,False,0.905830421,0.0,,,pass_all
265,266.0,2022-10-27 19:49:01,True,False,True,True,0,True,False,False,0.0,0.0,,,pass_all
266,267.0,2022-10-27 19:52:09,True,False,True,True,0,True,False,False,0.0,0.0,,,pass_all
267,268.0,2022-10-27 19:55:23,True,False,True,True,0,True,False,False,0.0,0.0,,,pass_all
268,269.0,2022-10-27 19:58:28,True,False,True,True,0,True,False,False,0.0,0.0,,,pass_all
269,270.0,2022-10-27 20:01:42,True,False,True,True,0,True,False,False,0.0,0.0,,,pass_all
270,271.0,2022-10-27 20:04:44,False,True,True,True,0,True,False,False,0.624590503,0.0,,,pass_all
271,272.0,2022-10-27 20:08:04,False,True,True,True,0,True,False,True,24.83424524,27.0695804,,,pass_all
272,273.0,2022-10-27 20:11:03,False,True,True,False,0,False,False,True,18.418328,19.40534131,,,fail_stanford
273,274.0,2022-10-27 20:14:19,True,False,True,False,0,False,False,False,0.0,0.0,,,fail_stanford
274,275.0,2022-10-28 16:41:12,False,True,True,False,0,False,False,True,6.964712302,11.18830597,,,fail_stanford
275,276.0,2022-10-28 16:44:23,False,True,True,True,0,True,False,True,5.927511458,9.887921242,,,pass_all
276,277.0,2022-10-28 16:47:43,False,True,True,False,0,False,False,False,2.943501781,0.0,,,fail_stanford
277,278.0,2022-10-28 16:50:54,False,True,True,True,1,True,False,False,2.890548857,0.0,,,pass_all
278,279.0,2022-10-28 16:54:17,False,True,True,True,1,True,False,False,2.867745212,0.0,,,pass_all
279,280.0,2022-10-28 16:57:26,False,True,True,True,1,True,False,False,2.866151246,0.0,,,pass_all
280,281.0,2022-10-28 17:00:47,False,True,True,False,0,False,False,True,18.46795044,17.2363069,,,fail_stanford
281,282.0,2022-10-28 17:03:52,False,True,True,True,0,True,False,True,18.52445199,23.2547776,,,pass_all
282,283.0,2022-10-28 17:07:10,True,False,True,False,0,False,False,False,0.0,0.0,,,fail_stanford
283,284.0,2022-10-28 17:10:18,False,True,True,False,0,False,False,False,1.385294449,0.0,,,fail_stanford
284,285.0,2022-10-28 17:13:39,False,True,True,True,0,True,False,False,1.356901124,0.0,,,pass_all
285,286.0,2022-10-28 17:16:45,False,True,True,True,0,True,False,False,1.352976685,0.0,,,pass_all
286,287.0,2022-10-28 17:20:05,False,True,True,True,0,True,False,False,1.337727099,0.0,,,pass_all
287,288.0,2022-10-28 17:23:07,False,True,True,True,0,True,False,False,1.324441891,0.0,,,pass_all
288,289.0,2022-10-28 17:26:29,False,True,True,False,0,False,False,False,2.392421608,0.0,,,fail_stanford
289,290.0,2022-10-28 17:29:31,False,True,True,False,0,False,False,True,5.62869688,5.830749025,,,fail_stanford
290,291.0,2022-10-28 17:32:54,False,True,True,False,0,False,False,True,9.476029066,4.827292246,,,fail_stanford
291,292.0,2022-10-28 17:35:58,False,True,True,True,1,True,False,True,9.453501881,5.889393556,,,pass_all
292,293.0,2022-10-28 17:39:22,False,True,True,True,1,True,False,True,9.456547263,13.88294807,,,pass_all
293,294.0,2022-10-28 17:42:30,False,True,True,True,1,True,False,True,17.29282188,8.689108252,,,pass_all
294,295.0,2022-10-28 17:45:59,False,True,True,True,1,True,False,True,17.28060796,16.30274505,,,pass_all
295,296.0,2022-10-28 17:49:04,False,True,True,False,0,False,False,True,7.385676923,12.28586368,,,fail_stanford
296,297.0,2022-10-28 17:52:29,False,True,True,False,0,False,False,True,432.9722803,1073.799206,,,fail_stanford
297,298.0,2022-10-28 17:55:28,False,True,False,True,1,False,False,False,420.7594359,,,,fail_operator
298,299.0,2022-10-28 17:58:53,False,True,True,False,0,False,False,False,7.170945117,0.0,,,fail_stanford
299,300.0,2022-10-28 18:01:57,False,True,True,True,0,True,False,True,572.9421259,664.4103323,,,pass_all
300,301.0,2022-10-28 18:05:17,False,True,True,True,0,True,False,True,583.2532267,646.8673423,,,pass_all
301,302.0,2022-10-28 18:08:17,False,True,True,True,0,True,False,False,8.858561732,0.0,,,pass_all
302,303.0,2022-10-28 18:11:40,False,True,True,True,1,True,False,True,477.138954,710.6163453,,,pass_all
303,304.0,2022-10-28 18:14:43,False,True,True,True,1,True,False,True,482.2577871,424.6402564,,,pass_all
304,305.0,2022-10-28 18:18:04,False,True,True,False,0,False,False,True,11.2080521,7.349837355,,,fail_stanford
305,306.0,2022-10-28 18:21:11,False,True,True,False,0,False,False,True,10.81524106,16.92193016,,,fail_stanford
306,307.0,2022-10-28 18:24:28,False,True,False,True,0,False,False,False,1081.575942,,,,fail_operator
307,308.0,2022-10-28 18:27:33,False,True,False,True,0,False,False,False,1090.882715,,,,fail_operator
308,309.0,2022-10-28 18:30:56,True,False,False,False,0,False,True,False,0.0,,,,fail_all
309,310.0,2022-10-28 18:33:58,False,True,True,True,1,True,False,True,9.497098356,8.842461088,,,pass_all
310,311.0,2022-10-28 18:37:13,False,True,False,True,1,False,False,False,751.2859405,,,,fail_operator
311,312.0,2022-10-28 18:40:19,False,True,False,True,1,False,False,False,762.0992053,,,,fail_operator
312,313.0,2022-10-28 18:43:39,False,True,False,True,1,False,False,False,5.377830865,,,,fail_operator
313,314.0,2022-10-28 18:46:48,False,True,True,False,0,False,False,True,9.483491331,8.969019017,,,fail_stanford
314,315.0,2022-10-28 18:49:59,False,True,True,False,0,False,False,False,1.002903582,0.0,,,fail_stanford
315,316.0,2022-10-28 18:53:00,True,False,True,True,0,True,False,False,0.0,0.0,,,pass_all
316,317.0,2022-10-28 18:56:18,False,True,True,True,0,True,False,True,17.25004615,12.10542787,,,pass_all
317,318.0,2022-10-28 18:59:28,False,True,True,True,1,True,False,True,300.9164314,231.6037672,,,pass_all
318,319.0,2022-10-28 19:02:55,False,True,False,True,1,False,False,False,304.547995,,,,fail_operator
319,320.0,2022-10-28 19:06:02,False,True,True,False,0,False,False,False,13.34119077,0.0,,,fail_stanford
320,321.0,2022-10-28 19:09:20,False,True,True,True,0,True,False,True,12.99522678,4.676519191,,,pass_all
321,322.0,2022-10-28 19:12:31,True,False,True,False,0,False,False,False,0.0,0.0,,,fail_stanford
322,323.0,2022-10-28 19:15:56,True,False,True,True,1,True,False,False,0.0,0.0,,,pass_all
323,324.0,2022-10-28 19:19:00,True,False,True,True,0,True,False,False,0.0,0.0,,,pass_all
324,325.0,2022-10-28 19:22:18,False,True,True,True,1,True,False,True,7.4222647,5.55865644,,,pass_all
325,326.0,2022-10-28 19:25:27,False,True,True,True,1,True,False,True,7.408711671,7.261293583,,,pass_all
326,327.0,2022-10-28 19:28:42,False,True,True,False,0,False,False,True,57.57780026,60.37415187,,,fail_stanford
327,328.0,2022-10-28 19:31:54,False,True,True,True,1,True,False,True,57.33535764,60.93555836,,,pass_all
328,329.0,2022-10-28 19:35:11,False,True,False,False,0,False,True,False,46.79228947,,,,fail_all
329,330.0,2022-10-28 19:38:25,False,True,False,False,0,False,True,False,46.39487796,,,,fail_all
330,331.0,2022-10-28 19:41:54,False,True,True,False,0,False,False,True,460.8699204,573.5102172,,,fail_stanford
331,332.0,2022-10-28 19:45:08,False,True,True,True,0,True,False,True,477.1292347,571.1530111,,,pass_all
332,333.0,2022-10-28 19:48:31,False,True,True,False,0,False,False,True,51.22709954,102.8333003,,,fail_stanford
333,334.0,2022-10-28 19:51:37,False,True,True,True,1,True,False,True,50.4618664,35.99652838,,,pass_all
334,335.0,2022-10-28 19:55:02,False,True,True,False,0,False,False,True,419.2540238,449.9486795,,,fail_stanford
335,336.0,2022-10-28 19:58:09,False,True,True,False,0,False,False,True,48.53776834,43.55827387,,,fail_stanford
336,337.0,2022-10-28 20:01:31,False,True,True,True,0,True,False,True,48.17642625,27.50964628,,,pass_all
337,338.0,2022-10-28 20:04:38,False,True,False,False,0,False,True,False,1478.793066,,,,fail_all
338,339.0,2022-10-28 20:07:52,False,True,False,False,0,False,True,False,1410.397249,,,,fail_all
339,340.0,2022-10-28 20:10:55,False,True,False,False,0,False,True,False,18.96552477,,,,fail_all
340,341.0,2022-10-28 20:14:12,False,True,False,False,0,False,True,False,19.09849563,,,,fail_all
341,342.0,2022-10-28 20:17:17,False,True,False,False,0,False,True,False,855.4757912,,,,fail_all
342,343.0,2022-10-28 20:20:42,False,True,False,True,0,False,False,False,860.1432166,,,,fail_operator
343,344.0,2022-10-28 20:23:51,False,True,True,True,0,True,False,True,9.13869365,6.985613074,,,pass_all
344,345.0,2022-10-28 20:27:06,False,True,True,False,0,False,False,True,372.9015868,398.0430195,,,fail_stanford
345,346.0,2022-10-28 20:30:12,False,True,True,True,0,True,False,True,374.000948,420.9155468,,,pass_all
346,347.0,2022-10-28 20:33:34,False,True,True,True,0,True,False,True,373.1143315,416.8107764,,,pass_all
347,348.0,2022-10-28 20:36:41,False,True,True,False,0,False,False,True,25.15431269,22.29351059,,,fail_stanford
348,349.0,2022-10-28 20:39:57,False,True,True,True,1,True,False,True,111.1656106,109.5369851,,,pass_all
